descricao;energia_kcal;proteina_g;lipideos_g;colesterol_mg;carboidratos_g;fibra_g;calcio_mg;fosforo_mg;ferro_mg;sodio_mg;potassio_mg;vitamina_c_mg;tipo_alimento
Arroz, integral, cozido;124;2,6;1,0;NA;25,8;2,7;5;106;0,3;1;75;;1
Arroz, integral, cru;360;7,3;1,9;NA;77,5;4,8;8;251;0,9;2;173;;1
Arroz, tipo 1, cozido;128;2,5;0,2;NA;28,1;1,6;4;18;0,1;1;15;;1
Arroz, tipo 1, cru;358;7,2;0,3;NA;78,8;1,6;4;104;0,7;1;62;;1
Arroz, tipo 2, cozido;130;2,6;0,4;NA;28,2;1,1;3;22;0,1;2;20;;1
Arroz, tipo 2, cru;358;7,2;0,3;NA;78,9;1,7;5;82;0,6;1;57;;1
Aveia, flocos, crua;394;13,9;8,5;NA;66,6;9,1;48;153;4,4;5;336;1,4;1
Biscoito, doce, maisena;443;8,1;12,0;NA;75,2;2,1;54;166;1,8;352;142;6,2;1
Biscoito, doce, recheado com chocolate;472;6,4;19,6;Tr;70,5;3,0;27;139;2,3;239;232;3,5;1
Biscoito, doce, recheado com morango;471;5,7;19,6;Tr;71,0;1,5;36;138;1,5;230;113;Tr;1
Biscoito, doce, wafer, recheado de chocolate;502;5,6;24,7;Tr;67,5;1,8;23;124;2,4;137;240;Tr;1
Biscoito, doce, wafer, recheado de morango;513;4,5;26,4;1;67,4;0,8;14;73;1,1;120;75;;1
Biscoito, salgado, cream cracker;432;10,1;14,4;NA;68,7;2,5;20;148;2,2;854;181;;1
Bolo, mistura para;419;6,2;6,1;Tr;84,7;1,7;59;333;1,2;463;75;Tr;1
Bolo, pronto, aipim;324;4,4;12,7;73;47,9;0,7;85;122;0,5;111;135;Tr;1
Bolo, pronto, chocolate;410;6,2;18,5;77;54,7;1,4;75;197;2,1;283;212;Tr;1
Bolo, pronto, coco;333;5,7;11,3;63;52,3;1,1;57;303;0,8;190;143;Tr;1
Bolo, pronto, milho;311;4,8;12,4;82;45,1;0,7;83;128;0,7;134;118;Tr;1
Canjica, branca, crua;358;7,2;1,0;NA;78,1;5,5;2;48;0,3;1;93;Tr;1
Canjica, com leite integral;112;2,4;1,2;1;23,6;1,2;43;41;0,1;28;70;Tr;1
Cereais, milho, flocos, com sal;370;7,3;1,6;NA;80,8;5,3;2;91;0,5;272;69;Tr;1
Cereais, milho, flocos, sem sal;363;6,9;1,2;NA;80,4;1,8;2;58;1,7;31;29;Tr;1
Cereais, mingau, milho, infantil;394;6,4;1,1;NA;87,3;3,2;219;169;3,0;399;82;109,4;1
Cereais, mistura para vitamina, trigo, cevada e aveia;381;8,9;2,1;NA;81,6;5,0;584;515;12,6;1163;244;13,1;1
Cereal matinal, milho;365;7,2;1,0;NA;83,8;4,1;143;101;3,1;655;83;17,3;1
Cereal matinal, milho, açúcar;377;4,7;0,7;NA;88,8;2,1;56;43;3,9;405;52;14,6;1
Creme de arroz, pó;386;7,0;1,2;NA;83,9;1,1;7;153;0,6;1;115;Tr;1
Creme de milho, pó;333;4,8;1,6;NA;86,1;3,7;323;303;4,3;594;166;96,3;1
Curau, milho verde;78;2,4;1,6;5;13,9;0,5;53;75;0,4;21;162;Tr;1
Curau, milho verde, mistura para;402;2,2;13,4;NA;79,8;2,5;31;45;0,9;223;55;Tr;1
Farinha, de arroz, enriquecida;363;1,3;0,3;NA;85,5;0,6;1;36;31,4;17;13;173,6;1
Farinha, de centeio, integral;336;12,5;1,8;NA;73,3;15,5;34;340;4,7;41;334;Tr;1
Farinha, de milho, amarela;351;7,2;1,5;NA;79,1;5,5;1;84;2,3;45;58;Tr;1
Farinha, de rosca;371;11,4;1,5;NA;75,8;4,8;35;195;6,7;333;212;Tr;1
Farinha, de trigo;360;9,8;1,4;NA;75,1;2,3;18;115;1,0;1;151;Tr;1
Farinha, láctea, de cereais;415;11,9;5,8;11;77,8;1,9;196;296;8,7;125;366;24,3;1
Lasanha, massa fresca, cozida;164;5,8;1,2;NA;32,5;1,6;10;42;1,2;207;54; ;1
Lasanha, massa fresca, crua;220;7,0;1,3;NA;45,1;1,6;17;82;1,9;667;137; ;1
Macarrão, instantâneo;436;8,8;17,2;NA;62,4;5,6;18;112;0,8;1516;148;Tr;1
Macarrão, trigo, cru;371;10,0;1,3;NA;77,9;2,9;17;100;0,9;7;147;Tr;1
Macarrão, trigo, cru, com ovos;371;10,3;2,0;18;76,6;2,3;19;118;0,9;15;134;Tr;1
Milho, amido, cru;361;0,6;Tr;NA;87,1;0,7;1;13;0,1;8;9;Tr;1
Milho, fubá, cru;353;7,2;1,9;NA;78,9;4,7;3;108;0,9;Tr;168;Tr;1
Milho, verde, cru;138;6,6;0,6;NA;28,6;3,9;2;113;0,4;1;185;Tr;1
Milho, verde, enlatado, drenado;98;3,2;2,4;NA;17,1;4,6;2;61;0,6;260;162;1,7;1
Mingau tradicional, pó;373;0,6;0,4;NA;89,3;0,9;522;273;42,0;15;Tr;Tr;1
Pamonha, barra para cozimento, pré-cozida;171;2,6;4,8;NA;30,7;2,4;4;55;0,4;132;125;Tr;1
Pão, aveia, forma;343;12,4;5,7;Tr;59,6;6,0;109;182;4,7;606;210;Tr;1
Pão, de soja;309;11,3;3,6;NA;56,5;5,7;90;153;3,3;663;296;Tr;1
Pão, glúten, forma;253;12,0;2,7;NA;44,1;2,5;156;105;5,7;22;65;Tr;1
Pão, milho, forma;292;8,3;3,1;6;56,4;4,3;78;110;3,0;507;89;Tr;1
Pão, trigo, forma, integral;253;9,4;3,7;NA;49,9;6,9;132;193;3,0;506;163;Tr;1
Pão, trigo, francês;300;8,0;3,1;NA;58,6;2,3;16;95;1,0;648;142; ;1
Pão, trigo, sovado;311;8,4;2,8;17;61,5;2,4;52;101;2,3;431;91;Tr;1
Pastel, de carne, cru;289;10,7;8,8;18;42,0;1,0;17;117;2,0;1309;166;Tr;1
Pastel, de carne, frito;388;10,1;20,1;25;43,8;1,0;13;90;2,5;1040;156;;1
Pastel, de queijo, cru;308;9,9;9,6;14;45,9;1,1;155;168;1,0;985;103;Tr;1
Pastel, de queijo, frito;422;8,7;22,7;15;48,1;0,9;126;124;1,3;821;124;Tr;1
Pastel, massa, crua;310;6,9;5,5;NA;57,4;1,4;13;73;1,1;1344;167; ;1
Pastel, massa, frita;570;6,0;40,9;NA;49,3;1,3;11;62;1,4;1175;143; ;1
Pipoca, com óleo de soja, sem sal;448;9,9;15,9;NA;70,3;14,3;3;225;1,2;4;256;Tr;1
Polenta, pré-cozida;103;2,3;0,3;NA;23,3;2,4;1;17;Tr;442;100;Tr;1
Torrada, pão francês;377;10,5;3,3;NA;74,6;3,4;19;114;1,2;829;189;Tr;1
Abóbora, cabotian, cozida;48;1,4;0,7;NA;10,8;2,5;8;33;0,3;1;199;7,5;2
Abóbora, cabotian, crua;39;1,7;0,5;NA;8,4;2,2;18;26;0,4;Tr;351;5,1;2
Abóbora, menina brasileira, crua;14;0,6;Tr;NA;3,3;1,2;9;12;0,2;Tr;165;1,5;2
Abóbora, moranga, crua;12;1,0;0,1;NA;2,7;1,7;3;8;Tr;Tr;125;9,6;2
Abóbora, moranga, refogada;29;0,4;0,8;NA;6,0;1,5;19;12;0,1;3;183;6,7;2
Abóbora, pescoço, crua;24;0,7;0,1;NA;6,1;2,3;9;32;0,3;1;264;2,1;2
Abobrinha, italiana, cozida;15;1,1;0,2;NA;3,0;1,6;17;22;0,2;1;126;2,1;2
Abobrinha, italiana, crua;19;1,1;0,1;NA;4,3;1,4;15;32;0,2;Tr;253;6,9;2
Abobrinha, italiana, refogada;24;1,1;0,8;NA;4,2;1,4;21;32;0,4;2;194;7,5;2
Abobrinha, paulista, crua;31;0,6;0,1;NA;7,9;2,6;19;33;0,2;1;213;17,5;2
Acelga, crua;21;1,4;0,1;NA;4,6;1,1;43;40;0,3;1;240;22,6;2
Agrião, cru;17;2,7;0,2;NA;2,3;2,1;133;51;3,1;7;218;60,1;2
Aipo, cru;19;0,8;0,1;NA;4,3;1,0;65;28;0,7;10;274;5,9;2
Alface, americana, crua;9;0,6;0,1;NA;1,7;1,0;14;19;0,3;7;136;11,0;2
Alface, crespa, crua;11;1,3;0,2;NA;1,7;1,8;38;26;0,4;3;267;15,6;2
Alface, lisa, crua;14;1,7;0,1;NA;2,4;2,3;28;26;0,6;4;349;21,4;2
Alface, roxa, crua;13;0,9;0,2;NA;2,5;2,0;34;51;2,5;7;308;13,5;2
Alfavaca, crua;29;2,7;0,5;NA;5,2;4,1;258;50;1,3;5;261;Tr;2
Alho, cru;113;7,0;0,2;NA;23,9;4,3;14;149;0,8;5;535;*;2
Alho-poró, cru;32;1,4;0,1;NA;6,9;2,5;34;36;0,6;2;224;14,1;2
Almeirão, cru;18;1,8;0,2;NA;3,3;2,6;19;40;0,7;2;369;1,7;2
Almeirão, refogado;65;1,7;4,8;NA;5,7;3,4;63;31;1,6;15;315;1,5;2
Batata, baroa, cozida;80;0,9;0,2;NA;18,9;1,8;12;29;0,4;2;258;17,1;2
Batata, baroa, crua;101;1,0;0,2;NA;24,0;2,1;17;45;0,3;Tr;505;7,6;2
Batata, doce, cozida;77;0,6;0,1;NA;18,4;2,2;17;15;0,2;3;148;23,8;2
Batata, doce, crua;118;1,3;0,1;NA;28,2;2,6;21;36;0,4;9;340;16,5;2
Batata, frita, tipo chips, industrializada;543;5,6;36,6;NA;51,2;2,5;12;96;0,7;607;1014;Tr;2
Batata, inglesa, cozida;52;1,2;Tr;NA;11,9;1,3;4;24;0,2;2;161;3,8;2
Batata, inglesa, crua;64;1,8;Tr;NA;14,7;1,2;4;39;0,4;Tr;302;31,1;2
Batata, inglesa, frita;267;5,0;13,1;NA;35,6;8,1;6;70;0,4;2;489;16,3;2
Batata, inglesa, sauté;68;1,3;0,9;NA;14,1;1,4;4;32;0,3;8;199;Tr;2
Berinjela, cozida;19;0,7;0,1;NA;4,5;2,5;11;15;0,2;1;105;Tr;2
Berinjela, crua;20;1,2;0,1;NA;4,4;2,9;9;20;0,2;Tr;205;3,0;2
Beterraba, cozida;32;1,3;0,1;NA;7,2;1,9;15;30;0,2;23;245;1,2;2
Beterraba, crua;49;1,9;0,1;NA;11,1;3,4;18;19;0,3;10;375;3,1;2
Biscoito, polvilho doce;438;1,3;12,2;9;80,5;1,2;30;23;1,8;98;54;Tr;2
Brócolis, cozido;25;2,1;0,5;NA;4,4;3,4;51;33;0,5;2;119;42,0;2
Brócolis, cru;25;3,6;0,3;NA;4,0;2,9;86;78;0,6;3;322;34,3;2
Cará, cozido;78;1,5;0,1;NA;18,9;2,6;5;28;0,3;1;203;Tr;2
Cará, cru;96;2,3;0,1;NA;23,0;7,3;4;35;0,2;Tr;212;8,8;2
Caruru, cru;34;3,2;0,6;NA;6,0;4,5;455;77;4,5;14;279;5,4;2
Catalonha, crua;24;1,9;0,3;NA;4,8;2,0;57;32;3,1;9;412;7,3;2
Catalonha, refogada;63;2,0;4,8;NA;4,8;3,7;63;35;1,2;25;452;Tr;2
Cebola, crua;39;1,7;0,1;NA;8,9;2,2;14;38;0,2;1;176;4,7;2
Cebolinha, crua;20;1,9;0,4;NA;3,4;3,6;80;27;0,6;2;206;31,8;2
Cenoura, cozida;30;0,8;0,2;NA;6,7;2,6;26;27;0,1;8;176;Tr;2
Cenoura, crua;34;1,3;0,2;NA;7,7;3,2;23;28;0,2;3;315;5,1;2
Chicória, crua;14;1,1;0,1;NA;2,9;2,2;45;13;0,5;14;425;6,5;2
Chuchu, cozido;19;0,4;Tr;NA;4,8;1,0;8;13;0,1;2;54;5,6;2
Chuchu, cru;17;0,7;0,1;NA;4,1;1,3;12;18;0,2;Tr;126;10,6;2
Coentro, folhas desidratadas;309;20,9;10,4;NA;48,0;37,3;784;388;81,4;18;3223;40,8;2
Couve, manteiga, crua;27;2,9;0,5;NA;4,3;3,1;131;49;0,5;6;403;96,7;2
Couve, manteiga, refogada ;90;1,7;6,6;NA;8,7;5,7;177;33;0,5;11;315;76,9;2
Couve-flor, crua;23;1,9;0,2;NA;4,5;2,4;18;57;0,5;3;256;36,1;2
Couve-flor, cozida;19;1,2;0,3;NA;3,9;2,1;16;25;0,1;2;80;23,7;2
Espinafre, Nova Zelândia, cru;16;2,0;0,2;NA;2,6;2,1;98;25;0,4;17;336;2,4;2
Espinafre, Nova Zelândia, refogado;67;2,7;5,4;NA;4,2;2,5;112;34;0,6;47;149;5,3;2
Farinha, de mandioca, crua;361;1,6;0,3;NA;87,9;6,4;65;42;1,1;1;340;Tr;2
Farinha, de mandioca, torrada;365;1,2;0,3;NA;89,2;6,5;76;39;1,2;10;328;Tr;2
Farinha, de puba;360;1,6;0,5;NA;87,3;4,2;41;33;1,4;4;338;Tr;2
Fécula, de mandioca;331;0,5;0,3;NA;81,1;0,6;12;60;0,1;2;48;Tr;2
Feijão, broto, cru;39;4,2;0,1;NA;7,8;2,0;14;75;0,8;2;189;12,0;2
Inhame, cru;97;2,1;0,2;NA;23,2;1,7;12;65;0,4;Tr;568;5,6;2
Jiló, cru;27;1,4;0,2;NA;6,2;4,8;20;29;0,3;Tr;213;6,8;2
Jurubeba, crua;126;4,4;3,9;NA;23,1;23,9;151;155;0,9;1;619;13,8;2
Mandioca, cozida;125;0,6;0,3;NA;30,1;1,6;19;22;0,1;1;100;11,1;2
Mandioca, crua;151;1,1;0,3;NA;36,2;1,9;15;29;0,3;2;208;16,5;2
Mandioca, farofa, temperada;406;2,1;9,1;NA;80,3;7,8;66;45;1,4;575;201;Tr;2
Mandioca, frita;300;1,4;11,2;NA;50,3;1,9;23;57;0,3;9;176;Tr;2
Manjericão, cru;21;2,0;0,4;NA;3,6;3,3;211;40;1,0;4;252;2,3;2
Maxixe, cru;14;1,4;0,1;NA;2,7;2,2;21;25;0,4;11;328;9,6;2
Mostarda, folha, crua;18;2,1;0,2;NA;3,2;1,9;68;58;1,1;3;364;38,6;2
Nhoque, batata, cozido;181;5,9;1,9;15;36,8;1,8;11;68;1,6;7;164;Tr;2
Nabo, cru;18;1,2;0,1;NA;4,1;2,6;42;17;0,2;2;280;9,6;2
Palmito, juçara, em conserva;23;1,8;0,4;NA;4,3;3,2;58;40;0,3;514;244;2,0;2
Palmito, pupunha, em conserva;29;2,5;0,5;NA;5,5;2,6;32;55;0,2;563;206;8,7;2
Pão, de queijo, assado;363;5,1;24,6;68;34,2;0,6;102;94;0,3;773;93; ;2
Pão, de queijo, cru;295;3,6;14,0;63;38,5;1,0;88;79;0,3;405;58; ;2
Pepino, cru;10;0,9;Tr;NA;2,0;1,1;10;12;0,1;Tr;154;5,0;2
Pimentão, amarelo, cru;28;1,2;0,4;NA;6,0;1,9;10;22;0,4;Tr;221;201,4;2
Pimentão, verde, cru;21;1,1;0,2;NA;4,9;2,6;9;17;0,4;Tr;174;100,2;2
Pimentão, vermelho, cru;23;1,0;0,1;NA;5,5;1,6;6;20;0,3;Tr;211;158,2;2
Polvilho, doce;351;0,4;Tr;NA;86,8;0,2;27;8;0,5;2;38;Tr;2
Quiabo, cru;30;1,9;0,3;NA;6,4;4,6;112;56;0,4;1;249;5,6;2
Rabanete, cru;14;1,4;0,1;NA;2,7;2,2;21;25;0,4;11;328;9,6;2
Repolho, branco, cru;17;0,9;0,1;NA;3,9;1,9;35;14;0,2;4;150;18,7;2
Repolho, roxo, cru;31;1,9;0,1;NA;7,2;2,0;44;58;0,5;2;328;43,2;2
Repolho, roxo, refogado;42;1,8;1,2;NA;7,6;1,8;43;59;0,5;3;321;40,5;2
Rúcula, crua;13;1,8;0,1;NA;2,2;1,7;117;25;0,9;9;233;46,3;2
Salsa, crua;33;3,3;0,6;NA;5,7;1,9;179;49;3,2;2;711;51,7;2
Seleta de legumes, enlatada;57;3,4;0,4;NA;12,7;3,1;16;49;1,1;398;122;Tr;2
Serralha, crua;30;2,7;0,7;NA;4,9;3,5;126;48;1,3;19;265;1,5;2
Taioba, crua;34;2,9;0,9;NA;5,4;4,5;141;53;1,9;1;290;17,9;2
Tomate, com semente, cru;15;1,1;0,2;NA;3,1;1,2;7;20;0,2;1;222;21,2;2
Tomate, extrato;61;2,4;0,2;NA;15,0;2,8;29;47;2,1;498;680;18,0;2
Tomate, molho industrializado;38;1,4;0,9;NA;7,7;3,1;12;27;1,6;418;388;2,7;2
Tomate, purê;28;1,4;Tr;NA;6,9;1,0;13;30;1,3;104;308;5,4;2
Tomate, salada;21;0,8;Tr;NA;5,1;2,3;7;23;0,3;5;161;12,8;2
Vagem, crua;25;1,8;0,2;NA;5,3;2,4;41;28;0,4;Tr;208;1,2;2
Abacate, cru;96;1,2;8,4;NA;6,0;6,3;8;22;0,2;Tr;206;8,7;3
Abacaxi, cru;48;0,9;0,1;NA;12,3;1,0;22;13;0,3;Tr;131;34,6;3
Abacaxi, polpa, congelada;31;0,5;0,1;NA;7,8;0,3;14;8;0,4;1;107;1,2;3
Abiu, cru;62;0,8;0,7;NA;14,9;1,7;6;20;0,2;Tr;128;10,3;3
Açaí, polpa, com xarope de guaraná e glucose;110;0,7;3,7;NA;21,5;1,7;22;11;0,3;15;75;10,3;3
Açaí, polpa, congelada;58;0,8;3,9;NA;6,2;2,6;35;16;0,4;5;124;Tr;3
Acerola, crua;33;0,9;0,2;NA;8,0;1,5;13;9;0,2;Tr;165;941,4;3
Acerola, polpa, congelada;22;0,6;Tr;NA;5,5;0,7;8;13;0,2;1;112;623,2;3
Ameixa, calda, enlatada ;183;0,4;Tr;NA;46,9;0,5;13;21;2,2;3;221;4,3;3
Ameixa, crua;53;0,8;Tr;NA;13,9;2,4;6;14;0,1;Tr;134;7,6;3
Ameixa, em calda, enlatada, drenada ;177;1,0;0,3;NA;47,7;4,5;39;26;2,7;3;263;5,2;3
Atemóia, crua;97;1,0;0,3;NA;25,3;2,1;23;23;0,2;1;300;10,1;3
Banana, da terra, crua;128;1,4;0,2;NA;33,7;1,5;4;26;0,3;Tr;328;15,7;3
Banana, doce em barra;280;2,2;0,1;NA;75,7;3,8;12;37;0,6;10;518;Tr;3
Banana, figo, crua;105;1,1;0,1;NA;27,8;2,8;6;16;0,2;Tr;387;17,5;3
Banana, maçã, crua;87;1,8;0,1;NA;22,3;2,6;3;29;0,2;Tr;264;10,5;3
Banana, nanica, crua;92;1,4;0,1;NA;23,8;1,9;3;27;0,3;Tr;376;5,9;3
Banana, ouro, crua;112;1,5;0,2;NA;29,3;2,0;3;22;0,3;Tr;355;7,6;3
Banana, pacova, crua;78;1,2;0,1;NA;20,3;2,0;5;20;0,4;1;267;Tr;3
Banana, prata, crua;98;1,3;0,1;NA;26,0;2,0;8;22;0,4;Tr;358;21,6;3
Cacau, cru;74;1,0;0,1;NA;19,4;2,2;12;9;0,3;1;72;13,6;3
Cajá-Manga, cru;46;1,3;Tr;NA;11,4;2,6;13;24;0,2;1;119;26,7;3
Cajá, polpa, congelada;26;0,6;0,2;NA;6,4;1,4;9;26;0,3;7;148;Tr;3
Caju, cru;43;1,0;0,3;NA;10,3;1,7;1;16;0,2;3;124;219,3;3
Caju, polpa, congelada;37;0,5;0,2;NA;9,4;0,8;1;10;0,1;4;88;119,7;3
Caju, suco concentrado, envasado;45;0,4;0,2;NA;10,7;0,6;1;11;0,1;45;107;138,7;3
Caqui, chocolate, cru;71;0,4;0,1;NA;19,3;6,5;18;18;0,1;2;164;29,6;3
Carambola, crua;46;0,9;0,2;NA;11,5;2,0;5;11;0,2;4;133;60,9;3
Ciriguela, crua;76;1,4;0,4;NA;18,9;3,9;27;49;0,4;2;248;27,0;3
Cupuaçu, cru;49;1,2;1,0;NA;10,4;3,1;13;21;0,5;3;331;24,5;3
Cupuaçu, polpa, congelada;49;0,8;0,6;NA;11,4;1,6;5;14;0,3;1;291;10,5;3
Figo, cru;41;1,0;0,2;NA;10,2;1,8;27;15;0,2;Tr;174;0,8;3
Figo, enlatado, em calda;184;0,6;0,2;NA;50,3;2,0;33;6;0,5;7;39;5,2;3
Fruta-pão, crua;67;1,1;0,2;NA;17,2;5,5;34;27;0,2;1;188;9,9;3
Goiaba, branca, com casca, crua;52;0,9;0,5;NA;12,4;6,3;5;16;0,2;Tr;220;99,2;3
Goiaba, doce em pasta;269;0,6;0,0;NA;74,1;3,7;10;54;0,4;4;165;23,1;3
Goiaba, doce, cascão;286;0,4;0,1;NA;78,7;4,4;15;28;0,4;11;251;34,3;3
Goiaba, vermelha, com casca, crua;54;1,1;0,4;NA;13,0;6,2;4;15;0,2;Tr;198;80,6;3
Graviola, crua;62;0,8;0,2;NA;15,8;1,9;40;19;0,2;4;250;19,1;3
Graviola, polpa, congelada;38;0,6;0,1;NA;9,8;1,2;6;17;0,1;3;170;10,5;3
Jabuticaba, crua;58;0,6;0,1;NA;15,3;2,3;8;15;0,1;Tr;130;16,2;3
Jaca, crua;88;1,4;0,3;NA;22,5;2,4;11;14;0,4;2;234;14,8;3
Jambo, cru;27;0,9;0,1;NA;6,5;5,1;14;18;0,1;22;135;3,8;3
Jamelão, cru;41;0,5;0,1;NA;10,6;1,8;3;4;0,0;1;394;27,1;3
Kiwi, cru;51;1,3;0,6;NA;11,5;2,7;24;33;0,3;Tr;269;70,8;3
Laranja, baía, crua;45;1,0;0,1;NA;11,5;1,1;35;24;0,1;Tr;174;56,9;3
Laranja, baía, suco;37;0,7;Tr;NA;8,7;Tr;6;22;0,1;Tr;173;94,5;3
Laranja, da terra, crua;51;1,1;0,2;NA;12,9;4,0;51;20;0,1;1;173;34,7;3
Laranja, da terra, suco;41;0,7;0,1;NA;9,6;1,0;13;15;0,1;Tr;145;44,3;3
Laranja, lima, crua;46;1,1;0,1;NA;11,5;1,8;31;15;0,1;1;130;43,5;3
Laranja, lima, suco;39;0,7;0,1;NA;9,2;0,4;8;16;Tr;Tr;129;41,3;3
Laranja, pêra, crua;37;1,0;0,1;NA;8,9;0,8;22;23;0,1;Tr;163;53,7;3
Laranja, pêra, suco;33;0,7;0,1;NA;7,6;Tr;7;14;Tr;Tr;149;73,3;3
Laranja, valência, crua;46;0,8;0,2;NA;11,7;1,7;34;20;0,1;1;158;47,8;3
Laranja, valência, suco;36;0,5;0,1;NA;8,6;0,4;9;17;Tr;Tr;143;*;3
Limão, cravo, suco;14;0,3;Tr;NA;5,2;Tr;10;11;0,1;Tr;120;32,8;3
Limão, galego, suco;22;0,6;0,1;NA;7,3;Tr;5;13;0,1;Tr;113;34,5;3
Limão, tahiti, cru;32;0,9;0,1;NA;11,1;1,2;51;24;0,2;1;128;38,2;3
Maçã, Argentina, com casca, crua;63;0,2;0,2;NA;16,6;2,0;3;11;0,1;1;117;1,5;3
Maçã, Fuji, com casca, crua;56;0,3;Tr;NA;15,2;1,3;2;9;0,1;Tr;75;2,4;3
Macaúba, crua;404;2,1;40,7;NA;13,9;13,4;67;44;0,8;1;306;13,4;3
 Mamão, doce em calda, drenado;196;0,2;0,1;NA;54,0;1,3;20;4;0,1;3;68;3,9;3
Mamão, Formosa, cru;45;0,8;0,1;NA;11,6;1,8;25;11;0,2;3;222;78,5;3
Mamão, Papaia, cru;40;0,5;0,1;NA;10,4;1,0;22;11;0,2;2;126;82,2;3
 Mamão verde, doce em calda, drenado;209;0,3;0,1;NA;57,6;1,2;12;3;0,2;5;9;Tr;3
Manga, Haden, crua;64;0,4;0,3;NA;16,7;1,6;12;9;0,1;1;148;17,4;3
Manga, Palmer, crua;72;0,4;0,2;NA;19,4;1,6;12;14;0,1;2;157;65,5;3
Manga, polpa, congelada;48;0,4;0,2;NA;12,5;1,1;7;9;0,1;7;131;24,9;3
Manga, Tommy Atkins, crua;51;0,9;0,2;NA;12,8;2,1;8;14;0,1;Tr;138;7,9;3
Maracujá, cru;68;2,0;2,1;NA;12,3;1,1;5;51;0,6;2;338;19,8;3
Maracujá, polpa, congelada;39;0,8;0,2;NA;9,6;0,5;5;15;0,3;8;228;7,3;3
Maracujá, suco concentrado, envasado;42;0,8;0,2;NA;9,6;0,4;4;14;0,3;22;201;13,7;3
Melancia, crua;33;0,9;Tr;NA;8,1;0,1;8;12;0,2;Tr;104;6,1;3
Melão, cru;29;0,7;Tr;NA;7,5;0,3;3;10;0,2;11;216;8,7;3
Mexerica, Murcote, crua;58;0,9;0,1;NA;14,9;3,1;33;19;0,1;1;159;21,8;3
Mexerica, Rio, crua;37;0,7;0,1;NA;9,3;2,7;17;14;0,1;2;125;112,0;3
Morango, cru;30;0,9;0,3;NA;6,8;1,7;11;22;0,3;Tr;184;63,6;3
Nêspera, crua;43;0,3;Tr;NA;11,5;3,0;20;10;0,1;Tr;113;3,2;3
Pequi, cru;205;2,3;18,0;NA;13,0;19,0;32;34;0,3;Tr;298;8,3;3
Pêra, Park, crua;61;0,2;0,2;NA;16,1;3,0;9;12;0,3;1;102;2,4;3
Pêra, Williams, crua;53;0,6;0,1;NA;14,0;3,0;8;12;0,1;Tr;116;2,8;3
Pêssego, Aurora, cru;36;0,8;Tr;NA;9,3;1,4;3;15;0,2;Tr;124;3,3;3
Pêssego, enlatado, em calda;63;0,7;Tr;NA;16,9;1,0;4;9;0,6;3;95;Tr;3
Pinha, crua;88;1,5;0,3;NA;22,4;3,4;21;34;0,2;1;283;35,9;3
Pitanga, crua;41;0,9;0,2;NA;10,2;3,2;18;13;0,4;2;113;24,9;3
Pitanga, polpa, congelada;19;0,3;0,1;NA;4,8;0,7;8;12;0,4;5;87;Tr;3
Romã, crua;56;0,4;Tr;NA;15,1;0,4;5;40;0,3;1;485;8,1;3
Tamarindo, cru;276;3,2;0,5;NA;72,5;6,4;37;55;0,6;0;723;7,2;3
Tangerina, Poncã, crua;38;0,8;0,1;NA;9,6;0,9;13;12;0,1;Tr;131;48,8;3
Tangerina, Poncã, suco;36;0,5;Tr;NA;8,8;Tr;4;9;Tr;Tr;119;41,8;3
Tucumã, cru;262;2,1;19,1;NA;26,5;12,7;46;53;0,6;4;401;18,0;3
Umbu, cru;37;0,8;Tr;NA;9,4;2,0;12;13;0,1;Tr;152;24,1;3
Umbu, polpa, congelada;34;0,5;0,1;NA;8,8;1,3;11;13;0,2;6;154;4,0;3
Uva, Itália, crua;53;0,7;0,2;NA;13,6;0,9;7;12;0,1;Tr;162;3,3;3
Uva, Rubi, crua;49;0,6;0,2;NA;12,7;0,9;8;23;0,2;8;159;1,9;3
Uva, suco concentrado, envasado;58;Tr;Tr;NA;14,7;0,2;9;10;0,1;10;54;21,0;3
Azeite, de dendê;884;NA;100,0;NA;NA;NA;;;;;;;4
Azeite, de oliva, extra virgem;884;NA;100,0;NA;NA;NA;;;;;;;4
Manteiga, com sal;726;0,4;82,4;201;0,1;NA;9;28;0,2;579;15;Tr;4
Manteiga, sem sal;758;0,4;86,0;214;0,0;NA;4;7;Tr;4;5;Tr;4
Margarina, com óleo hidrogenado, com sal (65% de lipídeos);596;Tr;67,4;NA;0,0;NA;6;7;0,1;894;21;Tr;4
Margarina, com óleo hidrogenado, sem sal (80% de lipídeos);723;Tr;81,7;NA;0,0;NA;3;4;0,1;78;2;Tr;4
Margarina, com óleo interesterificado, com sal (65%de lipídeos);594;Tr;67,2;NA;0,0;NA;5;6;Tr;561;15;Tr;4
Margarina, com óleo interesterificado, sem sal (65% de lipídeos);593;Tr;67,1;NA;0,0;NA;5;7;0,1;33;5;Tr;4
Óleo, de babaçu;884;NA;100,0;NA;NA;NA;;;;;;;4
Óleo, de canola;884;NA;100,0;NA;NA;NA;;;;;;;4
Óleo, de girassol;884;NA;100,0;NA;NA;NA;;;;;;;4
Óleo, de milho;884;NA;100,0;NA;NA;NA;;;;;;;4
Óleo, de pequi;884;NA;100,0;NA;NA;NA;;;;;;;4
Óleo, de soja;884;NA;100,0;NA;NA;NA;;;;;;;4
Abadejo, filé, congelado, assado;112;23,5;1,2;103;0,0;NA;23;338;0,5;334;156;;5
Abadejo, filé, congelado,cozido;91;19,3;0,9;87;0,0;NA;17;351;0,3;189;146;;5
Abadejo, filé, congelado, cru;59;13,1;0,4;31;0,0;NA;10;91;0,1;79;148;;5
Abadejo, filé, congelado, grelhado;130;27,6;1,3;136;0,0;NA;20;581;0,3;305;279;;5
Atum, conserva em óleo;166;26,2;6,0;53;0,0;NA;7;211;1,2;362;280;;5
Atum, fresco, cru;118;25,7;0,9;48;0,0;NA;7;254;1,3;30;308;;5
Bacalhau, salgado, cru;136;29,0;1,3;139;0,0;NA;157;186;0,9;13585;434;;5
Bacalhau, salgado, refogado;140;24,0;3,6;112;1,2;*;59;51;0,2;1256;50;Tr;5
Cação, posta, com farinha de trigo, frita;208;25,0;10,0;75;3,1;0,5;30;462;1,0;160;420;;5
Cação, posta, cozida;116;25,6;0,7;83;0,0;NA;10;204;0,3;115;249;;5
Cação, posta, crua;83;17,9;0,8;36;0,0;NA;9;181;0,2;176;299;;5
Camarão, Rio Grande, grande, cozido;90;19,0;1,0;241;0,0;NA;90;266;1,3;367;102;;5
Camarão, Rio Grande, grande, cru;47;10,0;0,5;124;0,0;NA;51;234;0,7;201;72;;5
Camarão, Sete Barbas, sem cabeça, com casca, frito;231;18,4;15,6;283;2,9;NA;960;337;2,4;99;107;;5
Caranguejo, cozido;83;18,5;0,4;85;0,0;NA;357;154;2,9;360;186;Tr;5
Corimba, cru;128;17,4;6,0;40;0,0;NA;40;190;0,5;47;317;;5
Corimbatá, assado;261;19,9;19,6;80;0,0;NA;22;221;1,0;40;326;;5
Corimbatá, cozido;239;20,1;16,9;75;0,0;NA;65;185;0,6;37;254;;5
Corvina de água doce, crua;101;18,9;2,2;73;0,0;NA;39;154;0,3;45;293;;5
Corvina do mar, crua;94;18,6;1,6;67;0,0;NA;*;183;0,4;68;339;;5
Corvina grande, assada;147;26,8;3,6;117;0,0;NA;60;176;0,5;85;291;;5
Corvina grande, cozida;100;23,4;2,6;123;0,0;NA;69;164;0,6;68;194;;5
Dourada de água doce, fresca;131;18,8;5,6;52;0,0;NA;12;189;0,2;40;393;;5
Lambari, congelado, cru;131;16,8;6,5;159;0,0;NA;1181;696;0,9;48;244;;5
Lambari, congelado, frito;327;28,4;22,8;246;0,0;NA;1881;1067;0,8;65;331;;5
Lambari, fresco, cru;152;15,7;9,4;144;0,0;NA;590;441;0,6;41;207;;5
Manjuba, com farinha de trigo, frita;344;23,5;22,6;282;10,2;0,4;763;578;3,0;37;319;;5
Manjuba, frita;349;30,1;24,5;270;0,0;NA;575;735;0,9;41;318;;5
Merluza, filé, assado;122;26,6;0,9;91;0,0;NA;36;273;0,4;120;364;;5
Merluza, filé, cru;89;16,6;2,0;57;0,0;NA;20;185;0,2;80;340;;5
Merluza, filé, frito;192;26,9;8,5;109;0,0;NA;36;279;0,4;90;447;;5
Pescada, branca, crua;111;16,3;4,6;51;0,0;NA;16;136;0,2;76;261;;5
Pescada, branca, frita;223;27,4;11,8;165;0,0;NA;378;504;0,5;107;355;;5
Pescada, filé, com farinha de trigo, frito;283;21,4;19,1;73;5,0;Tr;26;216;0,9;91;216;;5
Pescada, filé, cru;107;16,7;4,0;65;0,0;NA;14;141;0,2;77;253;;5
Pescada, filé, frito;154;28,6;3,6;81;0,0;NA;10;204;0,3;115;249;;5
Pescada, filé, molho escabeche;142;11,8;8,0;43;5,0;0,8;20;105;1,5;51;208;6,9;5
Pescadinha, crua;76;15,5;1,1;84;0,0;NA;332;327;0,5;120;304;;5
Pintado, assado;192;36,5;4,0;126;0,0;NA;114;332;0,8;81;527;;5
Pintado, cru;91;18,6;1,3;50;0,0;NA;12;174;0,2;43;294;;5
Pintado, grelhado;152;30,8;2,3;99;0,0;NA;69;237;0,5;53;360;;5
Porquinho, cru;93;20,5;0,6;49;0,0;NA;26;207;0,4;67;313;;5
Salmão, filé, com pele, fresco,  grelhado;229;23,9;14,0;85;0,0;NA;29;300;0,5;85;384;;5
Salmão, sem pele, fresco, cru;170;19,3;9,7;53;0,0;NA;9;259;0,2;64;376;;5
Salmão, sem pele, fresco, grelhado;243;26,1;14,5;73;0,0;NA;15;352;0,4;96;518;;5
Sardinha, assada;164;32,2;3,0;109;0,0;NA;438;578;1,3;74;574;;5
Sardinha, conserva em óleo;285;15,9;24,0;73;0,0;NA;550;496;3,5;666;367;;5
Sardinha, frita;257;33,4;12,7;103;0,0;NA;482;629;1,1;60;460;;5
Sardinha, inteira, crua;114;21,1;2,7;61;0,0;NA;167;294;1,3;60;312;;5
Tucunaré, filé, congelado, cru;88;18,0;1,2;47;0,0;NA;19;168;0,3;57;288;;5
Apresuntado;129;13,5;6,7;38;2,9;NA;23;225;0,9;943;270;Tr;6
Caldo de carne, tablete;241;7,8;16,6;Tr;15,1;0,6;129;123;Tr;22180;218;;6
Caldo de galinha, tablete;251;6,3;20,4;2;10,6;11,8;16;48;0,7;22300;68;;6
Carne, bovina, acém, moído, cozido;212;26,7;10,9;103;0,0;NA;4;164;2,7;52;256;;6
Carne, bovina, acém, moído, cru;137;19,4;5,9;58;0,0;NA;3;158;1,8;49;237;;6
Carne, bovina, acém, sem gordura, cozido;215;27,3;10,9;107;0,0;NA;7;164;2,4;56;254;;6
Carne, bovina, acém, sem gordura, cru;144;20,8;6,1;53;0,0;NA;5;144;1,5;50;234;;6
Carne, bovina, almôndegas, cruas;189;12,3;11,2;34;9,8;*;22;145;1,6;621;328; ;6
Carne, bovina, almôndegas, fritas;272;18,2;15,8;36;14,3;*;27;244;1,9;1030;536;;6
Carne, bovina, bucho, cozido;133;21,6;4,5;245;0,0;NA;13;63;0,6;38;70;;6
Carne, bovina, bucho, cru;137;20,5;5,5;145;0,0;NA;9;61;0,5;45;85;;6
Carne, bovina, capa de contra-filé, com gordura, crua;217;19,2;15,0;63;0,0;NA;6;144;1,5;58;267;;6
Carne, bovina, capa de contra-filé, com gordura, grelhada;312;30,7;20,0;120;0,0;NA;7;214;2,6;81;323;;6
Carne, bovina, capa de contra-filé, sem gordura, crua;131;21,5;4,3;58;0,0;NA;6;178;2,0;79;325;;6
Carne, bovina, capa de contra-filé, sem gordura, grelhada;239;35,1;10,0;80;0,0;NA;9;287;2,8;83;385;;6
Carne, bovina, charque, cozido;263;36,4;11,9;113;0,0;NA;15;101;3,5;1443;90;;6
Carne, bovina, charque, cru;249;22,7;16,8;81;0,0;NA;15;122;1,5;5875;236;;6
Carne, bovina, contra-filé, à milanesa;352;20,6;24,0;99;12,2;0,4;15;203;2,9;77;271;;6
Carne, bovina, contra-filé de costela, cru;202;19,8;13,1;52;0,0;NA;3;164;1,6;39;245;;6
Carne, bovina, contra-filé de costela, grelhado;275;29,9;16,3;98;0,0;NA;4;252;2,8;51;383;;6
Carne, bovina, contra-filé, com gordura, cru;206;21,2;12,8;73;0,0;NA;4;164;1,3;44;285;;6
Carne, bovina, contra-filé, com gordura, grelhado;278;32,4;15,5;144;0,0;NA;4;219;2,4;57;352;;6
Carne, bovina, contra-filé, sem gordura, cru;157;24,0;6,0;59;0,0;NA;4;184;1,7;53;335;;6
Carne, bovina, contra-filé, sem gordura, grelhado;194;35,9;4,5;102;0,0;NA;5;241;2,4;58;386;;6
Carne, bovina, costela, assada;373;28,8;27,7;95;0,0;NA;28;179;2,2;92;270;;6
Carne, bovina, costela, crua;358;16,7;31,8;44;0,0;NA;*;130;1,2;70;151;;6
Carne, bovina, coxão duro, sem gordura, cozido;217;31,9;8,9;71;0,0;NA;4;189;1,7;41;252;;6
Carne, bovina, coxão duro, sem gordura, cru;148;21,5;6,2;60;0,0;NA;3;189;1,9;49;358;;6
Carne, bovina, coxão mole, sem gordura, cozido;219;32,4;8,9;84;0,0;NA;4;183;2,6;44;239;;6
Carne, bovina, coxão mole, sem gordura, cru;169;21,2;8,7;84;0,0;NA;3;175;1,9;61;335;;6
Carne, bovina, cupim, assado;330;28,6;23,0;91;0,0;NA;8;212;2,7;72;321;;6
Carne, bovina, cupim, cru;221;19,5;15,3;51;0,0;NA;4;220;1,1;47;151;;6
Carne, bovina, fígado, cru;141;20,7;5,4;393;1,1;NA;4;334;5,6;76;265;;6
Carne, bovina, fígado, grelhado;225;29,9;9,0;601;4,2;NA;6;420;5,8;82;309;;6
Carne, bovina, filé mingnon, sem gordura, cru;143;21,6;5,6;55;0,0;NA;3;193;1,9;49;322;;6
Carne, bovina, filé mingnon, sem gordura, grelhado;220;32,8;8,8;103;0,0;NA;4;308;2,9;58;326;;6
Carne, bovina, flanco, sem gordura, cozido;196;29,4;7,8;62;0,0;NA;4;181;2,8;42;249;;6
Carne, bovina, flanco, sem gordura, cru;141;20,0;6,2;50;0,0;NA;3;167;1,6;54;324;;6
Carne, bovina, fraldinha, com gordura, cozida;338;24,2;26,0;65;0,0;NA;3;161;2,0;39;207;;6
Carne, bovina, fraldinha, com gordura, crua;221;17,6;16,1;54;0,0;NA;3;131;1,5;51;274;;6
Carne, bovina, lagarto, cozido;222;32,9;9,1;56;0,0;NA;4;167;1,9;48;254;;6
Carne, bovina, lagarto, cru;135;20,5;5,2;56;0,0;NA;3;185;1,3;54;362;;6
Carne, bovina, língua, cozida;315;21,4;24,8;105;0,0;NA;6;136;2,1;59;175;;6
Carne, bovina, língua, crua;215;17,1;15,8;118;0,0;NA;5;164;1,7;73;251;;6
Carne, bovina, maminha, crua;153;20,9;7,0;51;0,0;NA;3;181;1,1;37;274;;6
Carne, bovina, maminha, grelhada;153;30,7;2,4;88;0,0;NA;4;237;2,4;58;386;;6
Carne, bovina, miolo de alcatra, sem gordura, cru;163;21,6;7,8;60;0,0;NA;3;165;2,0;43;299;;6
Carne, bovina, miolo de alcatra, sem gordura, grelhado;241;31,9;11,6;92;0,0;NA;5;279;3,2;52;385;;6
Carne, bovina, músculo, sem gordura, cozido;194;31,2;6,7;56;0,0;NA;5;176;2,4;62;253;;6
Carne, bovina, músculo, sem gordura, cru;142;21,6;5,5;51;0,0;NA;4;162;1,9;66;296;;6
Carne, bovina, paleta, com gordura, crua;159;21,4;7,5;58;0,0;NA;4;158;1,8;65;250;;6
Carne, bovina, paleta, sem gordura, cozida;194;29,7;7,4;56;0,0;NA;6;197;2,2;58;250;;6
Carne, bovina, paleta, sem gordura, crua;141;21,0;5,7;42;0,0;NA;4;163;1,9;66;319;;6
Carne, bovina, patinho, sem gordura, cru;133;21,7;4,5;56;0,0;NA;3;170;1,8;49;318;;6
Carne, bovina, patinho, sem gordura, grelhado;219;35,9;7,3;126;0,0;NA;5;289;3,0;60;421;;6
Carne, bovina, peito, sem gordura, cozido;338;22,2;27,0;100;0,0;NA;4;136;1,6;56;204;;6
Carne, bovina, peito, sem gordura, cru;259;17,6;20,4;59;0,0;NA;4;124;1,3;64;241;;6
Carne, bovina, picanha, com gordura, crua;213;18,8;14,7;60;0,0;NA;2;165;1,7;38;232;;6
Carne, bovina, picanha, com gordura, grelhada;289;26,4;19,5;92;0,0;NA;4;246;3,2;60;355;;6
Carne, bovina, picanha, sem gordura, crua;134;21,3;4,7;75;0,0;NA;3;183;2,1;61;322;;6
Carne, bovina, picanha, sem gordura, grelhada;238;31,9;11,3;100;0,0;NA;4;282;3,6;61;377;;6
Carne, bovina, seca, cozida;313;26,9;21,9;100;0,0;NA;13;82;1,9;1943;86;;6
Carne, bovina, seca, crua;313;19,7;25,4;92;0,0;NA;14;100;1,3;4440;190;;6
Coxinha de frango, frita;283;9,6;11,8;15;34,5;5,0;18;93;1,3;532;166;Tr;6
Croquete, de carne, cru;246;12,0;15,6;30;13,9;;15;144;2,5;711;221;Tr;6
Croquete, de carne, frito;347;16,9;22,7;38;18,1;;18;176;2,3;916;313;Tr;6
Empada de frango, pré-cozida, assada;358;6,9;15,6;23;47,5;2,2;16;78;1,2;525;138; ;6
Empada, de frango, pré-cozida;377;7,3;22,9;23;35,5;2,2;14;78;0,7;771;156; ;6
Frango, asa, com pele, crua;213;18,1;15,1;113;0,0;NA;11;155;0,6;96;211;;6
Frango, caipira, inteiro, com pele, cozido;243;23,9;15,6;110;0,0;NA;17;162;1,7;56;210;;6
Frango, caipira, inteiro, sem pele, cozido;196;29,6;7,7;106;0,0;NA;66;210;2,1;53;224;;6
Frango, coração, cru;222;12,6;18,6;159;0,0;NA;6;193;4,1;95;220;;6
Frango, coração, grelhado;207;22,4;12,1;280;0,6;NA;8;276;6,5;128;243;;6
Frango, coxa, com pele, assada;215;28,5;10,4;145;0,1;NA;8;251;1,2;95;318;;6
Frango, coxa, com pele, crua;161;17,1;9,8;97;0,0;NA;8;185;0,7;95;275;;6
Frango, coxa, sem pele, cozida;167;26,9;5,8;133;0,0;NA;12;187;0,8;64;191;;6
Frango, coxa, sem pele, crua;120;17,8;4,9;91;0,0;NA;8;196;0,8;98;291;;6
Frango, fígado, cru;106;17,6;3,5;341;0,0;NA;6;344;9,5;82;281;;6
Frango, filé, à milanesa;221;28,5;7,8;84;7,5;1,1;9;249;1,1;122;408;;6
Frango, inteiro, com pele, cru;226;16,4;17,3;85;0,0;NA;6;174;0,6;63;217;;6
Frango, inteiro, sem pele, assado;187;28,0;7,5;111;0,0;NA;9;233;0,6;70;283;;6
Frango, inteiro, sem pele, cozido;170;25,0;7,1;99;0,0;NA;8;194;0,5;51;217;;6
Frango, inteiro, sem pele, cru;129;20,6;4,6;78;0,0;NA;7;190;0,5;73;238;;6
Frango, peito, com pele, assado;212;33,4;7,6;109;0,0;NA;8;297;0,5;56;380;;6
Frango, peito, com pele, cru;149;20,8;6,7;80;0,0;NA;8;213;0,4;62;252;;6
Frango, peito, sem pele, cozido;163;31,5;3,2;89;0,0;NA;6;224;0,3;36;231;;6
Frango, peito, sem pele, cru;119;21,5;3,0;59;0,0;NA;7;222;0,4;56;267;;6
Frango, peito, sem pele, grelhado;159;32,0;2,5;89;0,0;NA;5;295;0,3;50;387;;6
Frango, sobrecoxa, com pele, assada;260;28,7;15,2;158;0,0;NA;11;252;1,2;96;323;;6
Frango, sobrecoxa, com pele, crua;255;15,5;20,9;88;0,0;NA;7;154;0,7;68;190;;6
Frango, sobrecoxa, sem pele, assada;233;29,2;12,0;145;0,0;NA;12;281;1,2;106;382;;6
Frango, sobrecoxa, sem pele, crua;162;17,6;9,6;84;0,0;NA;6;187;0,9;80;241;;6
Hambúrguer, bovino, cru;215;13,2;16,2;70;4,2;*;34;141;1,9;869;383;;6
Hambúrguer, bovino, frito;258;20,0;17,0;49;6,3;*;62;324;3,0;1252;660;;6
Hambúrguer, bovino, grelhado;210;13,2;12,4;59;11,3;*;56;263;2,6;1090;538;;6
Lingüiça, frango, crua;218;14,2;17,4;64;0,0;NA;11;182;0,5;1126;280;;6
Lingüiça, frango, frita;245;18,3;18,5;76;0,0;NA;15;262;0,8;1374;364;;6
Lingüiça, frango, grelhada;244;18,2;18,4;80;0,0;NA;14;228;0,7;1351;356;;6
Lingüiça, porco, crua;227;16,1;17,6;53;0,0;NA;6;157;0,4;1176;316;;6
Lingüiça, porco, frita;280;20,5;21,3;75;0,0;NA;8;211;0,9;1432;409;;6
Lingüiça, porco, grelhada;296;23,2;21,9;82;0,0;NA;8;210;1,0;1456;427;;6
Mortadela;269;12,0;21,6;83;5,8;NA;67;216;1,5;1212;247;;6
Peru, congelado, assado;163;26,2;5,7;91;0,0;NA;14;197;0,6;628;175;;6
Peru, congelado, cru;94;18,1;1,8;68;0,0;NA;10;217;0,9;711;281;;6
Porco, bisteca, crua;164;21,5;8,0;56;0,0;NA;6;195;0,5;54;335;;6
Porco, bisteca, frita;311;33,7;18,5;126;0,0;NA;69;290;0,8;63;404;;6
Porco, bisteca, grelhada;280;28,9;17,4;82;0,0;NA;34;229;0,9;51;366;;6
Porco, costela, assada;402;30,2;30,3;113;0,0;NA;17;201;1,0;63;246;;6
Porco, costela, crua;256;18,0;19,8;69;0,0;NA;15;159;0,9;88;248;;6
Porco, lombo, assado;210;35,7;6,4;103;0,0;NA;20;238;0,5;39;311;;6
Porco, lombo, cru;176;22,6;8,8;55;0,0;NA;4;195;0,5;53;334;;6
Porco, orelha, salgada, crua;258;18,5;19,9;83;0,0;NA;5;31;1,4;616;228;;6
Porco, pernil, assado;262;32,1;13,9;110;0,0;NA;18;247;1,3;62;395;;6
Porco, pernil, cru;186;20,1;11,1;59;0,0;NA;13;192;0,9;102;256;;6
Porco, rabo, salgado, cru;377;15,6;34,5;89;0,0;NA;22;42;0,6;1158;24;;6
Presunto, com capa de gordura;128;14,4;6,8;40;1,4;NA;12;274;0,7;1021;295;;6
Presunto, sem capa de gordura;94;14,3;2,7;36;2,1;NA;23;244;0,8;1039;307;;6
Quibe, assado;136;14,6;2,7;34;12,9;1,9;16;174;2,2;40;288;Tr;6
Quibe, cru;109;12,4;1,7;27;10,8;1,6;12;126;1,7;39;242;Tr;6
Quibe, frito;254;14,9;15,8;38;12,3;;22;166;2,0;836;322;Tr;6
Salame;398;25,8;30,6;85;2,9;NA;87;354;1,3;1574;548;;6
Toucinho, cru;593;11,5;60,3;73;0,0;NA;2;35;0,4;50;58;;6
Toucinho, frito;697;27,3;64,3;89;0,0;NA;9;95;0,9;125;171;;6
Bebida láctea, pêssego;55;2,1;1,9;5;7,6;0,3;89;63;Tr;46;62;2,1;7
Creme de Leite;221;1,5;22,5;66;4,5;NA;83;118;0,3;52;119;Tr;7
Iogurte, natural;51;4,1;3,0;14;1,9;NA;143;119;Tr;52;71;0,9;7
Iogurte, natural, desnatado;41;3,8;0,3;3;5,8;NA;157;110;Tr;60;182;0,3;7
Iogurte, sabor abacaxi;*;*;*;6;*;*;*;*;*;*;*;;7
Iogurte, sabor morango;70;2,7;2,3;7;9,7;0,2;101;73;Tr;38;52;Tr;7
Iogurte, sabor pêssego;68;2,5;2,3;8;9,4;0,7;95;66;0,1;37;52;Tr;7
Leite, condensado;313;7,7;6,7;28;57,0;NA;246;187;0,1;94;329;2,1;7
Leite, de cabra;66;3,1;3,8;14;5,2;NA;112;113;0,1;74;140;Tr;7
Leite, de vaca, achocolatado;83;2,1;2,2;6;14,2;0,6;70;71;0,5;72;155;3,3;7
Leite, de vaca, desnatado, pó;362;34,7;0,9;25;53,0;NA;1363;1673;0,9;432;1556;;7
Leite, de vaca, desnatado, UHT;*;*;*;4;*;NA;134;85;Tr;51;140;Tr;7
Leite, de vaca, integral;*;*;*;10;*;NA;123;82;Tr;64;133;Tr;7
Leite, de vaca, integral, pó;497;25,4;26,9;85;39,2;NA;890;1242;0,5;323;1132;*;7
Leite, fermentado;70;1,9;0,1;2;15,7;NA;72;63;Tr;33;94;0,5;7
Queijo, minas, frescal;264;17,4;20,2;62;3,2;NA;579;123;0,9;31;105;Tr;7
Queijo, minas, meia cura;321;21,2;24,6;76;3,6;NA;696;403;0,2;501;120;;7
Queijo, mozarela;330;22,6;25,2;80;3,0;NA;875;470;0,3;581;62;;7
Queijo, parmesão;453;35,6;33,5;106;1,7;NA;992;745;0,5;1844;96;Tr;7
Queijo, pasteurizado;303;9,4;27,4;82;5,7;NA;323;578;0,3;780;194;Tr;7
Queijo, petit suisse, morango;121;5,8;2,8;12;18,5;NA;731;448;0,1;412;121;Tr;7
Queijo, prato;360;22,7;29,1;91;1,9;NA;940;461;0,3;580;73;;7
Queijo, requeijão, cremoso;257;9,6;23,4;74;2,4;NA;259;448;0,1;558;93;Tr;7
Queijo, ricota;140;12,6;8,1;49;3,8;NA;253;162;0,1;283;112;Tr;7
Bebida isotônica, sabores variados;26;0,0;0,0;NA;6,4;NA;1;9;0,7;44;13;;8
Café, infusão 10%;9;0,7;0,1;NA;1,5;NA;3;9;Tr;1;156;;8
Cana, aguardente 1;216;;;NA;;NA;Tr;Tr;Tr;3;Tr;;8
Cana, caldo de;65;Tr;Tr;NA;18,2;0,1;9;5;0,8;Tr;18;2,8;8
Cerveja, pilsen 2;41;0,6;Tr;NA;3,3;NA;5;19;Tr;4;29;Tr;8
Chá, erva-doce, infusão 5%;1;0,0;0,0;NA;0,4;NA;2;1;Tr;1;10; ;8
Chá, mate, infusão 5%;3;0,0;0,1;NA;0,6;NA;1;Tr;Tr;Tr;5; ;8
Chá, preto, infusão 5%;2;0,0;0,0;NA;0,6;NA;0;2;Tr;Tr;13; ;8
Coco, água de;22;0,0;0,0;NA;5,3;0,1;19;4;Tr;2;162;2,4;8
Refrigerante, tipo água tônica;31;0,0;0,0;NA;8,0;NA;1;0;Tr;8;2;;8
Refrigerante, tipo cola;34;0,0;0,0;NA;8,7;NA;1;17;Tr;7;1;;8
Refrigerante, tipo guaraná;39;0,0;0,0;NA;10,0;NA;1;Tr;Tr;9;1;;8
Refrigerante, tipo laranja;46;0,0;0,0;NA;11,8;NA;2;1;Tr;9;16;;8
Refrigerante, tipo limão;40;0,0;0,0;NA;10,3;NA;2;Tr;Tr;9;4;;8
Omelete, de queijo;268;15,6;22,0;384;0,4;NA;166;314;1,4;216;127;Tr;9
Ovo, de codorna, inteiro, cru;177;13,7;12,7;568;0,8;NA;79;279;3,3;129;79; ;9
Ovo, de galinha, clara, cozida/10minutos;59;13,4;0,1;NA;0,0;NA;6;15;0,1;181;146; ;9
Ovo, de galinha, gema, cozida/10minutos;353;15,9;30,8;1272;1,6;NA;114;386;2,9;45;87; ;9
Ovo, de galinha, inteiro, cozido/10minutos;146;13,3;9,5;397;0,6;NA;49;184;1,5;146;139; ;9
Ovo, de galinha, inteiro, cru;143;13,0;8,9;356;1,6;NA;42;164;1,6;168;150; ;9
Ovo, de galinha, inteiro, frito;240;15,6;18,6;516;1,2;NA;73;422;2,1;166;184;Tr;9
Achocolatado, pó;401;4,2;2,2;Tr;91,2;3,9;44;200;5,4;65;496;Tr;10
Açúcar, cristal;387;0,3;Tr;NA;99,6;NA;8;Tr;0,2;Tr;3;;10
Açúcar, mascavo;369;0,8;0,1;NA;94,5;NA;127;38;8,3;25;522;Tr;10
Açúcar, refinado;387;0,3;Tr;NA;99,5;NA;4;Tr;0,1;12;6;;10
Chocolate, ao leite;540;7,2;30,3;17;59,6;2,2;191;212;1,6;77;355;Tr;10
Chocolate, ao leite, com castanha do Pará;559;7,4;34,2;16;55,4;2,5;171;303;1,5;64;431;1,4;10
Chocolate, ao leite, dietético;557;6,9;33,8;13;56,3;2,8;188;276;3,3;85;458;2,0;10
Chocolate, meio amargo;475;4,9;29,9;2;62,4;4,9;45;220;3,6;9;432;2,1;10
Cocada branca;449;1,1;13,6;NA;81,4;3,6;7;396;1,2;29;183;Tr;10
Doce, de abóbora, cremoso;199;0,9;0,2;NA;54,6;2,3;13;14;0,9;Tr;137;0,1;10
Doce, de leite, cremoso;306;5,5;6,0;20;59,5;NA;195;141;0,1;120;259;Tr;10
Geléia, mocotó, natural;106;2,1;0,1;Tr;24,2;NA;4;Tr;0,1;43;2;Tr;10
Glicose de milho;292;0,0;0,0;NA;79,4;NA;6;5;0,1;59;5; ;10
Maria mole;301;3,8;0,2;NA;73,6;0,7;13;4;0,4;15;24;Tr;10
Maria mole, coco queimado;307;3,9;0,1;NA;75,1;0,6;19;5;0,5;14;36;Tr;10
Marmelada;257;0,4;0,1;NA;70,8;4,1;11;20;0,7;11;83;Tr;10
Mel, de abelha;309;0,0;0,0;NA;84,0;NA;10;4;0,3;6;99;0,7;10
Melado;297;0,0;0,0;NA;76,6;NA;102;74;5,4;4;395;Tr;10
Quindim;411;4,7;24,4;271;46,3;3,2;37;168;1,4;27;111;Tr;10
Rapadura;352;1,0;0,1;NA;90,8;NA;30;21;4,4;22;459;Tr;10
Café, pó, torrado;419;14,7;11,9;NA;65,8;51,2;107;169;8,1;1;1609;Tr;11
Capuccino, pó;417;11,3;8,6;29;73,6;2,4;467;358;2,3;382;886;Tr;11
Fermento em pó, químico;90;0,5;0,1;NA;43,9;NA; ; ; ;10052; ; ;11
Fermento, biológico, levedura, tablete;90;17,0;1,5;NA;7,7;4,2;18;419;2,6;40;576;Tr;11
Gelatina, sabores variados, pó;380;8,9;Tr;NA;89,2;NA;27;2;0,3;235;7;40,0;11
Sal, dietético;NA;NA;NA;NA;NA;NA;;;;23432;20468;;11
Sal, grosso;NA;NA;NA;NA;NA;NA;;;;39943;;;11
Shoyu;61;3,3;0,3;NA;11,6;NA;15;47;0,5;5024;165;Tr;11
Tempero a base de sal;21;2,7;0,3;NA;2,1;0,6;;;;32560;;;11
Azeitona, preta, conserva;194;1,2;20,3;NA;5,5;4,6;59;16;5,5;1567;79;Tr;12
Azeitona, verde, conserva;137;0,9;14,2;NA;4,1;3,8;46;5;0,2;1347;20;Tr;12
Chantilly, spray, com gordura vegetal;315;0,5;27,3;Tr;16,9;NA;2;16;Tr;110;5;;12
Leite, de coco;166;1,0;18,4;NA;2,2;0,7;6;26;0,5;44;144;Tr;12
Maionese, tradicional com ovos;302;0,6;30,5;42;7,9;NA;3;14;0,1;787;16;Tr;12
Acarajé;289;8,3;19,9;25;19,1;9,4;124;142;1,9;305;354; ;13
Arroz carreteiro;154;10,8;7,1;36;11,6;1,5;13;48;1,0;1622;87; ;13
Baião de dois, arroz e feijão-de-corda;136;6,2;3,2;4;20,4;5,1;33;72;0,6;93;157;Tr;13
Barreado;165;18,3;9,5;60;0,2;0,1;15;169;2,4;48;295;Tr;13
Bife à cavalo, com contra filé;291;23,7;21,1;257;0,0;NA;26;216;2,1;83;272;;13
Bolinho de arroz;274;8,0;8,3;70;41,7;2,7;24;87;2,1;59;96;Tr;13
Camarão à baiana;101;7,9;6,0;117;3,2;0,4;43;244;1,4;85;139;4,1;13
Charuto, de repolho;78;6,8;1,1;21;10,1;1,5;23;68;0,9;12;184;4,8;13
Cuscuz, de milho, cozido com sal;113;2,2;0,7;NA;25,3;2,1;2;23;0,2;248;11;Tr;13
Cuscuz, paulista;142;2,6;4,6;15;22,5;2,4;14;26;0,3;236;53;Tr;13
Cuxá, molho;80;5,6;3,6;58;5,7;3,0;105;111;0,9;1344;124;10,3;13
Dobradinha;125;19,8;4,4;144;0,0;NA;11;57;1,0;29;58; ;13
Estrogonofe de carne;173;15,0;10,8;66;3,0;;28;186;2,7;123;322;Tr;13
Estrogonofe de frango;157;17,6;8,0;80;2,6;;26;195;1,5;99;307;Tr;13
Feijão tropeiro mineiro;152;10,2;6,8;68;19,6;3,6;41;199;2,2;365;349;Tr;13
Frango, com açafrão;113;9,7;6,2;50;4,1;0,2;13;167;0,8;29;256;5,3;13
Macarrão, molho bolognesa;120;4,9;0,9;7;22,5;0,8;11;54;1,4;9;84;Tr;13
Maniçoba;134;10,0;8,7;43;3,4;2,2;66;55;3,2;407;148;Tr;13
Quibebe;86;8,6;2,7;NA;6,6;1,7;8;43;0,8;247;153;Tr;13
Salada, de legumes, com maionese;96;1,1;7,0;7;8,9;2,2;12;22;0,2;228;141;Tr;13
Salada, de legumes, cozida no vapor;35;2,0;0,3;NA;7,1;2,5;33;45;0,4;3;244;29,4;13
Salpicão, de frango;148;13,9;7,8;53;4,6;0,4;9;103;0,3;248;149;9,3;13
Sarapatel;123;18,5;4,4;315;1,1;;12;164;7,2;216;199;Tr;13
Tabule;57;2,0;1,2;NA;10,6;2,1;19;35;0,6;1;188;16,2;13
Tacacá;47;7,0;0,4;71;3,4;0,2;45;89;0,9;1349;240;Tr;13
Tapioca, com manteiga;348;0,1;10,9;31;63,6;Tr;30;8;0,2;158;19;Tr;13
Tucupi, com pimenta-de-cheiro;27;2,1;0,3;NA;4,7;0,2;28;31;1,1;5;391;46,4;13
Vaca atolada;145;5,1;9,3;19;10,1;2,3;63;72;0,7;26;220;Tr;13
Vatapá;255;6,0;23,2;44;9,7;1,7;47;108;1,4;880;209;Tr;13
Virado à paulista;307;10,2;25,6;66;14,1;2,2;41;135;1,1;346;237;Tr;13
Yakisoba;113;7,5;2,6;NA;18,3;1,1;14;83;0,6;794;159;Tr;13
Amendoim, grão, cru;544;27,2;43,9;NA;20,3;8,0;Tr;407;2,5;Tr;580;Tr;14
Amendoim, torrado, salgado;606;22,5;54,0;NA;18,7;7,8;39;261;1,3;376;496;Tr;14
Ervilha, em vagem;88;7,5;0,5;NA;14,2;9,7;24;152;1,4;Tr;311;12,4;14
Ervilha, enlatada, drenada;74;4,6;0,4;NA;13,4;5,1;22;79;1,4;372;147; ;14
Feijão, carioca, cozido;76;4,8;0,5;NA;13,6;8,5;27;87;1,3;2;255;Tr;14
Feijão, carioca, cru;329;20,0;1,3;NA;61,2;18,4;123;385;8,0;Tr;1352; ;14
Feijão, fradinho, cozido;78;5,1;0,6;NA;13,5;7,5;17;85;1,1;1;253;Tr;14
Feijão, fradinho, cru;339;20,2;2,4;NA;61,2;23,6;78;355;5,1;10;1083;Tr;14
Feijão, jalo, cozido;93;6,1;0,5;NA;16,5;13,9;29;121;1,9;1;348;Tr;14
Feijão, jalo, cru;328;20,1;0,9;NA;61,5;30,3;98;427;7,0;25;1276;Tr;14
Feijão, preto, cozido;77;4,5;0,5;NA;14,0;8,4;29;88;1,5;2;256;Tr;14
Feijão, preto, cru;324;21,3;1,2;NA;58,8;21,8;111;471;6,5;Tr;1416; ;14
Feijão, rajado, cozido;85;5,5;0,4;NA;15,3;9,3;29;113;1,4;1;315;Tr;14
Feijão, rajado, cru;326;17,3;1,2;NA;62,9;24,0;111;335;18,6;14;1135;Tr;14
Feijão, rosinha, cozido;68;4,5;0,5;NA;11,8;4,8;19;90;1,2;2;241;Tr;14
Feijão, rosinha, cru;337;20,9;1,3;NA;62,2;20,6;68;394;5,3;24;1109;Tr;14
Feijão, roxo, cozido;77;5,7;0,5;NA;12,9;11,5;23;106;1,4;1;268;Tr;14
Feijão, roxo, cru;331;22,2;1,2;NA;60,0;33,8;120;394;6,9;10;1221;Tr;14
Grão-de-bico, cru;355;21,2;5,4;NA;57,9;12,4;114;342;5,4;5;1116;Tr;14
Guandu, cru;344;19,0;2,1;NA;64,0;21,3;129;269;1,9;2;1215;1,5;14
Lentilha, cozida;93;6,3;0,5;NA;16,3;7,9;16;104;1,5;1;220;Tr;14
Lentilha, crua;339;23,2;0,8;NA;62,0;16,9;54;368;7,0;Tr;887; ;14
Paçoca, amendoim;487;16,0;26,1;NA;52,4;7,3;22;198;1,1;167;348;Tr;14
Pé-de-moleque, amendoim;503;13,2;28,0;NA;54,7;3,4;27;171;1,3;16;355;Tr;14
Soja, farinha;404;36,0;14,6;NA;38,4;20,2;206;539;13,1;6;1922;Tr;14
Soja, extrato solúvel, natural, fluido;39;2,4;1,6;NA;4,3;0,4;17;53;0,4;57;121;Tr;14
Soja, extrato solúvel, pó;459;35,7;26,2;NA;28,5;7,3;359;647;7,0;83;1607;9,2;14
Soja, queijo (tofu);64;6,6;4,0;NA;2,1;0,8;81;130;1,4;1;182;Tr;14
Tremoço, cru;381;33,6;10,3;NA;43,8;32,3;177;265;2,8;3;708;25,0;14
Tremoço, em conserva;121;11,1;3,8;NA;12,4;14,4;16;40;0,3;1809;5;Tr;14
Amêndoa, torrada, salgada;581;18,6;47,3;NA;29,5;11,6;237;493;3,1;279;640;Tr;15
Castanha-de-caju, torrada, salgada;570;18,5;46,3;NA;29,1;3,7;33;594;5,2;125;671;Tr;15
Castanha-do-Brasil, crua;643;14,5;63,5;NA;15,1;7,9;146;853;2,3;1;651;Tr;15
Coco, cru;406;3,7;42,0;NA;10,4;5,4;6;118;1,8;15;354;2,5;15
Coco,  verde, cru;*;*;*;*;*;*;*;*;*;*;*;*;15
Farinha, de mesocarpo de babaçu, crua;329;1,4;0,2;NA;79,2;17,9;61;26;18,3;12;362;Tr;15
Gergelim, semente;584;21,2;50,4;NA;21,6;11,9;825;741;5,4;3;546;Tr;15
Linhaça, semente;495;14,1;32,3;NA;43,3;33,5;211;615;4,7;9;869;Tr;15
Pinhão, cozido;174;3,0;0,7;NA;43,9;15,6;16;166;0,8;1;727;27,7;15
Pupunha, cozida;219;2,5;12,8;NA;29,6;4,3;28;49;0,5;1;303;2,2;15
Noz, crua;620;14,0;59,4;NA;18,4;7,2;105;396;2,0;5;533;Tr;15
